Price,Close,High,Low,Open,Volume,EMA_10,EMA_20,EMA_50,RSI,RSI_Signal,MACD,MACD_Signal,MACD_Diff,BB_Middle,BB_Upper,BB_Lower,ATR,ADX,Trend_Strength,Signal
Ticker,^GSPC,^GSPC,^GSPC,^GSPC,^GSPC,,,,,,,,,,,,,,,
Date,,,,,,,,,,,,,,,,,,,,
2025-10-13,6654.72021484375,6668.68017578125,6620.7099609375,6622.52978515625,5303960000,6675.563224933868,6656.332312521643,6594.639736217205,49.80218479321395,0,32.67373640147889,44.02627435889322,-11.352537957414327,6669.1715087890625,6777.276623499812,6561.066394078313,64.26796177455357,14.344542152362681,False,0
2025-10-14,6644.31005859375,6680.7001953125,6555.06982421875,6602.490234375,5666920000,6669.880831053846,6655.187335957082,6596.587591996677,50.57902247591865,0,27.90366278988222,40.80175204509102,-12.898089255208802,6671.0490234375,6775.843825410238,6566.254221464762,69.60581752232143,14.275000647764008,False,0
2025-10-15,6671.06005859375,6724.1201171875,6612.10986328125,6688.27001953125,5633060000,6670.095236061101,6656.69902382724,6599.508080882836,56.13166673887613,0,25.982338304557743,37.83786929698437,-11.85553099242663,6674.584521484375,6773.967811468962,6575.201231499787,72.69583565848214,13.95165247122731,False,0
2025-10-16,6629.06982421875,6709.33984375,6593.990234375,6689.02001953125,6048180000,6662.636070271582,6654.0676714835745,6600.667364935225,48.65522555928668,0,20.831283748482747,34.43655218728405,-13.605268438801303,6674.440014648438,6774.092303733634,6574.787725563241,77.753662109375,13.60050289538673,False,0
2025-10-17,6664.009765625,6678.8798828125,6603.759765625,6613.27001953125,5358120000,6662.885833063112,6655.014537592282,6603.151380648549,50.24935855620787,0,19.34539549053443,31.41832084793413,-12.0729253573997,6674.422509765625,6774.082377034572,6574.762642496678,80.71868024553571,13.179350008723478,False,0
2025-10-20,6735.1298828125,6744.35009765625,6690.0498046875,6690.0498046875,4672170000,6676.0211148357275,6662.644570470398,6608.32700818439,53.855288335877184,0,23.634177337691654,29.861492145885634,-6.227314808193981,6676.49150390625,6779.502634590185,6573.4803732223145,82.86798967633929,12.712505424329054,False,0
2025-10-21,6735.35009765625,6752.16015625,6722.02978515625,6736.75,5245020000,6686.808202621277,6669.56890639286,6613.308305810738,52.07205848467711,0,26.74256569735644,29.2377068561798,-2.4951411588233583,6680.413012695312,6786.220548566705,6574.60547682392,80.57160295758929,12.536797968470362,False,0
2025-10-22,6699.39990234375,6741.75,6655.68994140625,6741.33984375,5710010000,6689.097602570817,6672.409953626278,6616.684446851248,48.70229031894117,0,26.005332271055522,28.591231939154945,-2.5858996680994224,6683.4844970703125,6787.6582336714155,6579.3107604692095,83.95375279017857,12.815386598503864,False,0
2025-10-23,6738.43994140625,6749.52978515625,6700.14013671875,6703.64990234375,5565750000,6698.068936904531,6678.698523891037,6621.459172127915,51.733892520866746,0,28.24567578226015,28.522120707775986,-0.2764449255158361,6690.170483398438,6790.13893692961,6590.202029867265,84.30587332589286,13.208216101888999,False,0
2025-10-24,6791.68994140625,6807.10986328125,6772.06982421875,6772.06982421875,5058220000,6715.090937723025,6689.459611273438,6628.134888570203,53.76955882900507,0,33.926905874717704,29.60307774116433,4.3238281335533735,6697.569970703125,6804.706578053085,6590.433363353166,86.80158342633929,13.30249291379353,False,0
2025-10-27,6875.16015625,6877.27978515625,6843.93994140625,6845.4599609375,5290650000,6744.194432000656,6707.145377461682,6637.8221539694105,60.85385737578306,0,44.649973303639854,32.61245685365944,12.037516449980416,6708.26748046875,6840.016196154,6576.518764783501,89.02012416294643,12.45829309622639,False,0
2025-10-28,6890.89013671875,6911.2998046875,6870.72998046875,6897.740234375,5695930000,6770.866378313036,6724.644878343308,6647.746388587032,59.57500037492348,0,53.79721861094549,36.84940920511665,16.947809405828842,6718.388989257813,6872.872159756545,6563.90581875908,88.98580496651786,11.725300769529182,False,0
2025-10-29,6890.58984375,6920.33984375,6851.91015625,6910.9501953125,6280130000,6792.6342811197555,6740.449160762993,6657.2696613385215,61.137822698950025,0,60.32683508370974,41.544894380835274,18.781940702874465,6727.358471679688,6899.864099704424,6554.852843654951,90.415771484375,11.248423423315367,False,0
2025-10-30,6822.33984375,6880.75,6820.68994140625,6860.5,6052700000,6798.035292507073,6748.248273428422,6663.743001825246,73.11646328301867,-1,59.31070172096133,45.09805584886049,14.212645872100843,6732.707958984375,6910.208933203319,6555.206984765431,80.29289899553571,10.851265461741955,False,0
2025-10-31,6840.2001953125,6879.169921875,6814.259765625,6879.169921875,6398280000,6805.701638471695,6757.005599322144,6670.662891765924,68.57468101149209,0,59.26343779535,47.93113223815839,11.33230555719161,6738.928466796875,6922.547523707548,6555.309409886202,76.63145228794643,10.408268386753733,False,0
2025-11-03,6851.97021484375,6882.31982421875,6820.6201171875,6882.31982421875,6065720000,6814.114106902977,6766.0498484194395,6677.772982867015,70.73940275856957,-1,59.48995977868435,50.24289774626359,9.247062032420764,6744.51298828125,6934.971534081492,6554.054442481008,72.06497628348214,10.31211210067685,False,0
2025-11-04,6771.5498046875,6820.2099609375,6766.7099609375,6788.52001953125,5739510000,6806.375142863799,6766.573653778302,6681.450505291348,59.064366635512954,0,52.57418263317777,50.70915472364643,1.8650279095313422,6747.360986328125,6937.638925381763,6557.083047274487,70.15426199776786,10.272704476260554,False,0
2025-11-05,6796.2900390625,6829.77978515625,6763.10986328125,6769.77001953125,5939600000,6804.541487627199,6769.40378571013,6685.954016419629,65.56805463754532,0,48.53028268147682,50.273380315212506,-1.7430976337356867,6749.489477539062,6941.015234964364,6557.96372011376,66.67714146205357,10.209509688317453,False,0
2025-11-06,6720.31982421875,6796.68017578125,6707.509765625,6787.58984375,6051900000,6789.228457916572,6764.729122710951,6687.30169515685,54.87033472333316,0,38.748631305213166,47.96843051321264,-9.219799207999472,6748.749975585937,6940.623403138249,6556.876548033625,67.68073381696429,9.472715702523178,False,0
2025-11-07,6728.7998046875,6730.10986328125,6631.43994140625,6696.18017578125,5926070000,6778.24143005674,6761.3072828991935,6688.929072001189,49.38596840228637,0,31.319830163992265,44.638710443368566,-13.318880279376302,6757.564477539063,6926.279178095278,6588.849776982847,68.989990234375,9.886346884282533,False,0
2025-11-10,6832.43017578125,6841.31982421875,6770.56005859375,6785.35986328125,5366050000,6788.093929279377,6768.080891745104,6694.556566267074,57.843431195411185,0,33.40943345782034,42.39285504625892,-8.983421588438581,6766.449975585938,6931.026610920714,6601.873340251162,74.87496512276786,9.258857191122614,False,0
2025-11-11,6846.60986328125,6855.1298828125,6806.8701171875,6815.64013671875,4983490000,6798.73319000699,6775.559841415213,6700.5194406597875,62.327246975084314,0,35.79699591357894,41.07368321972293,-5.276687306143991,6776.564965820313,6934.25698076329,6618.872950877336,72.17494419642857,8.567583910249377,False,0
2025-11-12,6850.919921875,6869.91015625,6829.6201171875,6867.77001953125,5293610000,6808.221686710264,6782.736991935193,6706.417498746659,60.00067724970631,0,37.603472643791065,40.37964110453656,-2.7761684607454953,6785.557958984375,6938.354390817691,6632.7615271510585,71.47209821428571,7.873599509156131,False,0
2025-11-13,6737.490234375,6828.0498046875,6724.72021484375,6826.47021484375,5473720000,6795.361422649306,6778.42777692946,6707.636037398751,45.64690011098344,0,29.541751732774173,38.212063230184086,-8.670311497409912,6790.978979492187,6927.191878695482,6654.766080288892,75.58136858258929,7.659150115346059,False,0
2025-11-14,6734.10986328125,6774.31005859375,6646.8701171875,6672.14013671875,5042660000,6784.224775491478,6774.2070232486785,6708.674226649045,36.998814518502776,0,22.61927125389775,35.09350483492682,-12.474233581029068,6794.483984375,6920.13889610046,6668.829072649539,78.57066127232143,9.014057825595021,False,0
2025-11-17,6672.41015625,6754.5,6638.89990234375,6713.60986328125,5204220000,6763.8948447203,6764.512083534519,6707.25210624124,31.435074812026016,0,12.015992012923562,30.47800227052617,-18.462010257602607,6791.347998046875,6926.045254635418,6656.650741458331,83.92996651785714,10.750852027950671,False,0
2025-11-18,6617.31982421875,6666.6298828125,6574.31982421875,6641.18994140625,5159390000,6737.244840992746,6750.493773123493,6703.725350083495,28.757372103633415,1,-0.823025241191317,24.217796768182673,-25.04082200937399,6785.446484375,6939.435137473507,6631.457831276493,86.048583984375,12.565606171827548,False,0
2025-11-19,6642.16015625,6689.75,6603.5,6625.83984375,5021610000,6719.956716494064,6740.176285802208,6701.3110287566915,34.98006339985379,0,-8.891140190029546,17.59600937654023,-26.487149566569776,6782.584497070313,6945.193189928079,6619.975804212547,87.21644810267857,13.641003921874276,False,0
2025-11-20,6538.759765625,6770.35009765625,6534.0498046875,6737.93017578125,5596080000,6687.011816336051,6720.993760071046,6694.936469418194,28.0080223428661,1,-23.35945354521573,9.404916792189038,-32.76437033740477,6772.60048828125,6967.863165587019,6577.337810975482,99.45860072544643,14.064292329367225,False,0
2025-11-21,6602.990234375,6660.0498046875,6521.919921875,6555.77001953125,5929930000,6671.735165070405,6709.755329052376,6691.330734710618,33.12691633923862,0,-29.30502401101421,1.6629286315483887,-30.9679526425626,6763.165502929687,6972.288251821225,6554.04275403815,104.91789899553571,13.912758877924075,False,0
2025-11-24,6705.1201171875,6715.75,6630.7001953125,6636.5400390625,6039740000,6677.805156364422,6709.31388030334,6691.871494807751,45.62681615964204,0,-25.48216094349482,-3.766089283460253,-21.716071660034565,6754.663500976562,6958.370888219912,6550.956113733213,106.88214983258929,13.93288433213449,False,0
2025-11-25,6765.8798828125,6776.39990234375,6659.97998046875,6697.02978515625,5003330000,6693.818742991345,6714.701118637545,6694.773784533429,48.08868876929725,0,-17.349712439671748,-6.482813914702552,-10.866898524969196,6748.41298828125,6941.937666941405,6554.888309621096,110.43572126116071,13.403797171286367,False,0
2025-11-26,6812.60986328125,6831.43994140625,6783.8701171875,6793.5498046875,4485000000,6715.4171284986,6724.025760984565,6699.394807229422,56.0218661827339,0,-7.052670726181532,-6.596785276998348,-0.4558854491831834,6744.513989257813,6928.904303309307,6560.123675206319,108.749267578125,13.557318876777904,False,0
2025-11-28,6849.08984375,6850.85986328125,6819.75,6822.52001953125,2558540000,6739.7212585443085,6735.936626009844,6705.265200818465,57.57216414992734,0,4.005268325783618,-4.4763745564419555,8.481642882225573,6745.851489257812,6932.986374577057,6558.7166039385675,104.43355887276786,13.438887745971067,False,0
2025-12-01,6812.6298828125,6843.64990234375,6799.93994140625,6812.2998046875,4549370000,6752.977372047616,6743.240745705336,6709.475580504506,48.63844506538324,0,9.714764792271126,-1.638146686699339,11.352911478970466,6744.472973632813,6929.070475809194,6559.875471456431,99.90712193080357,13.512997390824825,False,0
2025-12-02,6829.3701171875,6851.5498046875,6806.7099609375,6830.9599609375,4582290000,6766.866962073049,6751.443542989351,6714.177327041094,48.81867949868408,0,15.412710751286795,1.7720248008978878,13.640685950388907,6743.34296875,6925.429390967835,6561.256546532165,99.662841796875,13.122171870543607,False,0
2025-12-03,6849.72021484375,6862.419921875,6810.43017578125,6815.2900390625,4736780000,6781.93118984954,6760.803226023104,6719.492734405904,49.91956061829303,0,21.32463961197027,5.682547763112364,15.642091848857905,6747.251489257813,6935.150354402768,6559.3526241128575,100.49853515625,12.642523547014289,False,0
2025-12-04,6857.1201171875,6866.47021484375,6827.1201171875,6866.47021484375,4872440000,6795.601903910987,6769.976263276855,6724.88988667185,59.35059324259133,0,26.30378247198314,9.80679470488652,16.49698776709662,6750.292993164063,6943.430382413593,6557.155603914533,94.29499162946429,12.693818838503432,False,0
2025-12-05,6870.39990234375,6895.77978515625,6858.2900390625,6866.31982421875,4944560000,6809.20153998967,6779.540419378463,6730.596161796238,60.49045297445357,0,30.96441820130258,14.038319404169734,16.926098797132845,6757.7969970703125,6957.5788887383405,6558.0151054022845,87.95354352678571,12.464640661063445,False,0
2025-12-08,6846.509765625,6878.27001953125,6827.18994140625,6875.2001953125,4757130000,6815.984853741548,6785.9184523543245,6735.141793318936,64.22891020074577,0,32.357276676039874,17.70211085854376,14.655165817496112,6763.6824951171875,6966.775502862288,6560.589487372087,83.344970703125,12.011963179351536,False,0
2025-12-09,6840.509765625,6864.919921875,6837.43017578125,6840.60986328125,4508050000,6820.443928629447,6791.117625046771,6739.273870664271,69.8323746020231,0,32.60117118842845,20.681922924520702,11.91924826390775,6764.086474609375,6967.786500930025,6560.386448288725,78.30207170758929,11.83480043231826,False,0
2025-12-10,6886.68017578125,6900.669921875,6824.68994140625,6833.490234375,5526570000,6832.486882657047,6800.218820354816,6745.054510080624,70.93418054887863,-1,36.10384295631502,23.766306930879566,12.337536025435455,6766.089990234375,6973.95325643869,6558.226724030061,77.56849888392857,12.161867768021986,False,0
2025-12-11,6901.0,6903.4599609375,6833.4501953125,6861.2998046875,5021060000,6844.943813083039,6809.817027940072,6751.170019489227,86.59432657418131,-1,39.57898381804807,26.92884230831327,12.650141509734802,6768.593994140625,6981.895409512298,6555.292578768952,65.69060407366071,12.953519733552858,False,0
2025-12-12,6827.41015625,6899.85009765625,6801.7900390625,6886.85009765625,4910160000,6841.755875477032,6811.492563969589,6754.159828773963,72.25064532932612,-1,35.98021509070986,28.739116864792592,7.24109822591727,6773.089990234375,6987.419158121492,6558.760822347259,62.910609654017854,13.641001068828922,False,0
2025-12-15,6816.509765625,6861.58984375,6801.490234375,6860.18994140625,4975600000,6837.165673685752,6811.970392698676,6756.604924336749,63.483134113819915,0,31.881089170822634,29.367511325998603,2.513577844824031,6777.209985351563,6991.552088878906,6562.86788182422,59.149169921875,14.463338617298074,False,0
2025-12-16,6800.259765625,6819.27001953125,6759.740234375,6800.1201171875,4983180000,6830.455508583797,6810.855094882135,6758.3168788970725,54.664075292920614,0,27.009909727366903,28.895991006272265,-1.8860812789053618,6783.602465820312,6992.337031311648,6574.867900328976,55.08558872767857,14.66173718909494,False,0
2025-12-17,6721.43017578125,6812.259765625,6720.43017578125,6802.8798828125,5122120000,6810.6327208015155,6802.3384359201455,6756.870341519982,38.62131833204965,0,16.597253027980514,26.436243410613915,-9.838990382633401,6788.8079833984375,6984.891527855308,6592.724438941567,56.961983816964285,14.790475192231735,False,0
2025-12-18,6774.759765625,6816.1298828125,6758.5,6778.06005859375,5101190000,6804.110365314876,6799.711895892036,6757.571887563316,41.09840245128997,0,12.504258472944457,23.649846423080024,-11.145587950135567,6795.437963867187,6979.225156208929,6611.650771525446,60.994105747767854,14.512625159453666,False,0
2025-12-19,6834.5,6840.02001953125,6792.6201171875,6792.6201171875,8554470000,6809.635753439444,6803.025048664223,6760.588676286323,52.48078623033483,0,13.920600427282807,21.70399722392058,-7.783396796637774,6810.2249755859375,6949.178400747534,6671.271550424341,62.144845145089285,14.543017462836541,False,0
2025-12-22,6878.490234375,6882.02978515625,6855.740234375,6865.2099609375,4465030000,6822.154749973181,6810.212209208106,6765.212266799605,55.24742683188913,0,18.380823214274642,21.039362421991395,-2.6585392077167533,6823.999975585937,6926.219711369545,6721.78023980233,62.336983816964285,14.455121058359847,False,0
2025-12-23,6909.7900390625,6910.8798828125,6868.81005859375,6872.41015625,3820560000,6838.088438898511,6819.695812051382,6770.881983358933,56.27047078863698,0,24.162682202353608,21.664026378063838,2.49865582428977,6834.233471679688,6926.873327527793,6741.593615831583,61.62841796875,14.554538196012812,False,0
2025-12-24,6932.0498046875,6937.31982421875,6904.91015625,6904.91015625,1798270000,6855.172323587419,6830.396192302441,6777.202290077701,57.586285994518505,0,30.192978300394316,23.369816762529936,6.8231615378643795,6842.541967773437,6939.093430440733,6745.990505106141,61.13267299107143,14.235082825842685,False,0
2025-12-26,6929.93994140625,6945.77001953125,6921.60009765625,6936.02001953125,2586550000,6868.766435918115,6839.876549359947,6783.192001894507,56.167655342084394,0,34.40518155362679,25.576889720749307,8.828291832877483,6848.408471679688,6951.348961421472,6745.4679819379035,60.097691127232146,13.012824788314019,False,0
2025-12-29,6905.740234375,6920.2099609375,6888.759765625,6903.60009765625,3541750000,6875.488944728458,6846.149281266142,6787.997814932957,56.131654875541116,0,35.3827979967873,27.53807137595691,7.844726620830393,6851.240991210938,6957.329870971733,6745.152111450143,59.390555245535715,11.843850108020066,False,0
2025-12-30,6896.240234375,6913.25,6893.47021484375,6900.43994140625,3309930000,6879.261906482374,6850.91984822889,6792.242615695391,55.727821103449664,0,34.98767927850258,29.027992956466047,5.959686322036536,6855.4215087890625,6961.693373750623,6749.149643827502,58.83984375,10.143786108594004,False,0
2025-12-31,6845.5,6901.419921875,6844.5498046875,6898.81982421875,3261830000,6873.123378031033,6850.403672207091,6794.331140570081,45.80700395450283,0,30.23173931513338,29.268742228199514,0.9629970869338678,6856.228002929687,6961.910617909622,6750.545387949753,57.474853515625,8.664466202092282,False,0
2026-01-02,6858.47021484375,6894.8701171875,6824.31005859375,6878.10986328125,4184120000,6870.459166542436,6851.171914362963,6796.846398384734,45.6576513697435,0,27.195715293589274,28.854136841277466,-1.6584215476881923,6856.665502929687,6962.307121374444,6751.02388448493,57.51416015625,7.661360187560134,False,0
2026-01-05,6902.0498046875,6920.3798828125,6891.56005859375,6892.18994140625,5771930000,6876.202918932447,6856.017427727204,6800.972022161313,58.11831360519361,0,27.98357583070083,28.68002463916214,-0.6964488084613123,6858.9119873046875,6966.487482638219,6751.336491971156,54.849853515625,6.196937576811902,False,0
2026-01-06,6944.81982421875,6948.68994140625,6904.02001953125,6908.02978515625,5509680000,6888.678719893592,6864.474798821637,6806.613112438075,63.051077097899835,0,31.693797743116193,29.282779259952953,2.4110184831632395,6862.632983398437,6976.826339454525,6748.43962734235,53.888462611607146,4.961395082750606,False,0
2026-01-07,6920.93017578125,6965.68994140625,6919.18994140625,6945.06982421875,5214480000,6894.5426209640755,6869.851501389218,6811.096134529965,62.08617352273472,0,32.33375694166807,29.89297479629598,2.44078214537209,6866.35400390625,6983.15547002077,6749.55253779173,52.957763671875,5.294985067394083,False,0
2026-01-08,6921.4599609375,6931.27978515625,6899.330078125,6914.10986328125,5333200000,6899.436682777425,6874.7665927747685,6815.424127722417,73.76166009876789,-1,32.50893567731055,30.416166972498896,2.0927687048116503,6870.401513671875,6989.028183215063,6751.774844128688,48.680629185267854,5.854402824402667,False,0
2026-01-09,6966.27978515625,6978.35986328125,6917.64013671875,6927.830078125,5163900000,6911.58997411903,6883.482134906338,6821.340035857077,73.22023743980829,-1,35.85108236596352,31.503150051191824,4.347932314771697,6874.381494140625,7000.4175835126725,6748.345404768578,46.253487723214285,6.834460259123459,False,0
2026-01-12,6977.27001953125,6986.330078125,6934.06982421875,6944.1201171875,5019040000,6923.531800557615,6892.414314394425,6827.454937177634,69.63019954266717,0,38.937727871421885,32.99006561523784,5.947662256184046,6878.194995117187,7011.998348999982,6744.391641234392,45.324916294642854,7.987711590139794,False,0
2026-01-13,6963.740234375,6985.830078125,6938.77001953125,6977.41015625,5091730000,6930.842424888048,6899.207259154479,6832.799458636355,62.793059483857725,0,39.83300598578171,34.35865368934662,5.474352296435093,6885.011499023438,7021.779028845458,6748.243969201418,45.29136439732143,8.73319477729194,False,0
2026-01-14,6926.60009765625,6941.2998046875,6885.740234375,6937.41015625,5530830000,6930.071092664085,6901.816100916552,6836.477915068508,52.479148993779624,0,37.117751368633435,34.91047322520399,2.2072781434294484,6890.516015625,7024.508613034036,6756.523418215965,47.85780552455357,8.66020265242425,False,0
2026-01-15,6944.47021484375,6979.33984375,6937.93017578125,6969.4599609375,5114050000,6932.689114878569,6905.878397481048,6840.712907216557,51.85579149649591,0,35.9929572263527,35.126970025433735,0.8659872009189655,6897.726538085937,7026.695411546551,6768.757664625323,49.30995396205357,8.241435334661425,False,0
2026-01-16,6940.009765625,6967.2998046875,6925.08984375,6960.5400390625,5356550000,6934.0201422870105,6909.129003970947,6844.606901663947,51.49408466214112,0,34.34571279285501,34.970718578917996,-0.6250057860629852,6908.655517578125,7008.471370282272,6808.839664873978,50.59852818080357,8.250473473986881,False,0
2026-01-20,6796.85986328125,6871.169921875,6789.0498046875,6865.240234375,5769500000,6909.081909740508,6898.436704857643,6842.734468786194,38.05979020417343,0,21.244367106221944,32.225448284378786,-10.981081178156842,6909.760522460938,7003.648469510115,6815.87257541176,58.43994140625,9.332460520753743,False,0
2026-01-21,6875.6201171875,6910.39013671875,6804.9599609375,6810.7099609375,5835520000,6902.997947458143,6896.2636965081065,6844.024102056834,48.03692788278279,0,17.02054823763592,29.184468275030216,-12.163920037394295,6911.8165283203125,7000.417198609489,6823.215858031136,65.13640485491071,9.89710587914548,False,0
2026-01-22,6913.35009765625,6934.75,6893.6201171875,6914.43994140625,5307580000,6904.880156585071,6897.89097280793,6846.742768550929,56.62352890706554,0,16.527121090380206,26.652998838100217,-10.125877747720011,6913.559521484375,7000.760226029952,6826.358816938799,65.29781668526786,9.45320798888327,False,0
2026-01-23,6915.60986328125,6932.9599609375,6895.5,6907.85009765625,4871930000,6906.831012348012,6899.578486186341,6849.443438932511,55.69710719258445,0,16.132455813009074,24.548890233081988,-8.416434420072914,6913.850512695312,7001.037094272709,6826.663931117916,62.933523995535715,8.699450974128016,False,0
2026-01-26,6950.22998046875,6964.66015625,6921.60009765625,6923.22998046875,4968050000,6914.72173382451,6904.402438022761,6853.395852326089,54.89118958322799,0,18.401118225319806,23.319335831529553,-4.918217606209748,6914.759521484375,7003.116275065181,6826.402767903569,62.01499720982143,8.547821883945062,False,0
2026-01-27,6978.60009765625,6988.81982421875,6958.830078125,6965.9599609375,5331720000,6926.335981793916,6911.468881797379,6858.305822731194,53.532613690907795,0,22.232004184676953,23.101869502159033,-0.8698653174820805,6917.192529296875,7009.882884234275,6824.502174359476,61.439976283482146,8.577004258438997,False,0
2026-01-28,6978.02978515625,7002.27978515625,6963.4599609375,7002.0,5507670000,6935.734855132522,6917.808015450605,6863.000880081197,56.277430880622525,0,24.934559375800745,23.46840747688738,1.4661518989133668,6920.8070068359375,7017.1816723226,6824.432341349275,60.891392299107146,7.89400337155643,False,0
2026-01-29,6969.009765625,6992.83984375,6870.7998046875,6977.740234375,6877780000,6941.784838858427,6922.684372610071,6867.158091278992,55.131742585527284,0,26.048245681158733,23.98437511774165,2.0638705634170833,6924.445483398437,7022.396675447523,6826.494291349351,67.326416015625,7.456042237866588,False,0
2026-01-30,6939.02978515625,6964.08984375,6893.47998046875,6947.27001953125,6697340000,6941.283920003485,6924.24107856685,6869.976589078101,46.961765102980316,0,24.23238043364836,24.033976180922995,0.19840425272536422,6929.12197265625,7019.869154820892,6838.374790491609,68.38427734375,6.884379685667123,False,0
2026-02-02,6976.43994140625,6991.919921875,6914.33984375,6916.64013671875,5772050000,6947.675923894896,6929.212398837269,6874.151622502734,49.91259963641449,0,25.51782747125617,24.33074643898963,1.187081032266537,6935.020458984375,7021.675211399712,6848.365706569039,70.19283621651786,6.3253779204888385,False,0
2026-02-03,6917.81005859375,6993.080078125,6862.0498046875,6985.4501953125,7017660000,6942.245766567416,6928.126461671219,6875.8637180357155,45.58339225899872,0,21.55711495475225,23.77602014214216,-2.2189051873899075,6935.8084716796875,7021.481882906592,6850.135060452783,76.19070870535714,6.655881484566981,False,0
2026-02-04,6882.72021484375,6936.08984375,6838.7998046875,6924.5,7475750000,6931.422938981294,6923.80205721146,6876.132600263481,45.76384319064167,0,15.409137670257223,22.102643647765174,-6.69350597750795,6932.7034912109375,7021.447978450874,6843.959003971001,77.56856863839286,7.368566125604951,False,0
2026-02-05,6798.39990234375,6857.85009765625,6780.1298828125,6837.39013671875,6989120000,6907.236932319922,6911.858994843107,6873.08425916859,37.501921804290134,0,3.6903369468464007,18.42018230758142,-14.72984536073502,6926.576977539063,7033.748442422007,6819.405512656118,81.12932477678571,8.880299747304727,False,0
2026-02-06,6932.2998046875,6944.89013671875,6816.740234375,6816.740234375,6283680000,6911.793818204936,6913.805738637811,6875.406437424233,49.45994347020693,0,5.148358938013189,15.765817633667774,-10.617458695654586,6927.118969726563,7034.291114070467,6819.946825382658,88.57791573660714,9.369949666312495,False,0
2026-02-09,6964.81982421875,6980.10009765625,6905.8701171875,6917.259765625,5650260000,6921.4349102074475,6918.664222978853,6878.912844749509,63.92285686068481,0,8.826202694975109,14.377894645929242,-5.551691950954133,6927.045971679688,7034.107738284482,6819.984205074893,83.09720284598214,8.409646701107807,False,0
2026-02-10,6941.81005859375,6986.830078125,6937.52978515625,6974.490234375,5595950000,6925.139482641321,6920.86858827551,6881.379402155165,56.045514508931554,0,9.77158384849372,13.456632486442139,-3.6850486379484195,6925.272973632813,7029.981297047895,6820.564650217731,78.50934709821429,7.756734652963238,False,0
2026-02-11,6941.47021484375,6993.47998046875,6911.97021484375,6976.47998046875,6175510000,6928.108706678126,6922.830647948676,6883.735904613542,52.756657814471524,0,10.373799964799218,12.840065982113556,-2.4662660173143376,6924.15947265625,7027.611500185138,6820.707445127362,80.10791015625,7.795951845049378,False,0
2026-02-12,6832.759765625,6973.22021484375,6824.0400390625,6957.5400390625,7118700000,6910.772535577557,6914.252468679755,6881.736840339482,43.280507344921844,0,2.0553431385897056,10.683121413408788,-8.627778274819082,6919.467456054687,7030.674876195659,6808.260035913716,88.08792550223214,8.436060707740484,False,0
2026-02-13,6836.169921875,6881.9599609375,6794.5498046875,6834.27001953125,5718360000,6897.208423995275,6906.816035650731,6879.949902360483,40.25595354793498,0,-4.213353798055323,7.703826371115967,-11.917180169171289,6914.05244140625,7030.554596325509,6797.550286486991,90.82791573660714,9.351160064902155,False,0
2026-02-17,6843.22021484375,6866.990234375,6775.5,6819.85986328125,5418480000,6887.392385967724,6900.7592908119705,6878.509522457866,37.997406042639255,0,-8.51429408084823,4.460202280723127,-12.974496361571358,6909.212963867188,7029.165220388056,6789.26070734632,94.60651506696429,10.497347466879566,False,0
2026-02-18,6881.31005859375,6909.1201171875,6849.66015625,6855.47998046875,5098160000,6886.286508263365,6898.9069829816635,6878.619347404372,41.95986140967275,0,-8.748441592086238,1.8184735061612542,-10.566915098247492,6913.435473632812,7022.154662272883,6804.716284992742,96.54080636160714,11.500990862712102,False,0
2026-02-19,6861.89013671875,6879.1201171875,6833.06005859375,6861.33984375,5151690000,6881.850804346162,6895.381569051862,6877.963299926505,41.24668530265391,0,-10.381360713801769,-0.6214933378313501,-9.759867375970419,6912.748974609375,7022.640633556724,6802.857315662026,91.27008928571429,11.554412385872594,False,0
2026-02-20,6909.509765625,6915.85986328125,6836.330078125,6843.259765625,5432480000,6886.879706396859,6896.727111582638,6879.2004162284065,47.65535498352927,0,-7.743690361214249,-2.04593274250793,-5.697757618706319,6912.556958007813,7022.4576146534,6802.656301362225,91.55580357142857,10.981527771086679,False,0
2026-02-23,6837.75,6916.9599609375,6819.81982421875,6901.25,5638350000,6877.94703250652,6891.110243812863,6877.574909709646,39.55442941148349,0,-11.313318079429337,-3.8994098098922114,-7.413908269537125,6908.66396484375,7023.513876873723,6793.814052813777,92.95295061383929,10.856075555528463,False,0
2026-02-24,6890.06982421875,6899.169921875,6815.43017578125,6837.3701171875,5266090000,6880.151176454198,6891.011156232471,6878.064906357063,47.890667581507735,0,-9.807447059675724,-5.081017259848914,-4.72642979982681,6905.65595703125,7019.064331440108,6792.247582622393,89.57505580357143,10.141654848880378,False,0
2026-02-25,6946.1298828125,6952.509765625,6915.14990234375,6915.14990234375,5328060000,6892.14730488298,6896.260558763903,6880.734121120021,54.67257807659454,0,-4.043840338035807,-4.873581875486293,0.8297415374504862,6904.032446289062,7013.9189976981925,6794.145894879932,87.08576311383929,9.280228127929472,False,0
2026-02-26,6908.85986328125,6947.25,6859.72998046875,6944.740234375,5889550000,6895.185951864483,6897.46049252746,6881.837091400854,58.7461241658741,0,-2.4552173667289026,-4.389908973734815,1.9346916070059121,6900.573950195312,7004.866031187102,6796.281869203523,86.00931222098214,7.77764407314135,False,0
2026-02-27,6878.8798828125,6882.9599609375,6831.740234375,6856.5400390625,6665660000,6892.2212120368495,6895.690910649844,6881.721122436605,44.93707205014245,0,-3.57415544806463,-4.226758268600778,0.6526028205361483,6896.067456054688,6995.5883961267045,6796.546515982671,81.05426897321429,7.740601522509555,False,0
2026-03-02,6881.6201171875,6901.009765625,6796.85009765625,6824.35986328125,6079080000,6890.2937402460575,6894.350835082002,6881.717161446444,41.64292027194976,0,-4.191491026625954,-4.219704820205814,0.028213793579859647,6893.19697265625,6990.793514404283,6795.600430908217,83.19210379464286,8.523903684655105,False,0
2026-03-03,6816.6298828125,6840.0498046875,6710.419921875,6800.259765625,6442080000,6876.900311621774,6886.948839627764,6879.164719147074,38.404094699885746,0,-9.811798384169379,-5.338123532998527,-4.473674851170852,6885.206469726562,6980.241441932117,6790.171497521008,91.89923967633929,9.99752091189261,False,0
2026-03-04,6869.5,6885.93994140625,6811.64013671875,6831.68994140625,5252170000,6875.5548004178145,6885.287045377501,6878.785710553071,43.92441618418958,0,-9.885798522454024,-6.247658530889626,-3.6381399915643984,6882.790966796875,6976.786850605084,6788.795082988667,91.38424246651786,11.036241185700018,False,0
2026-03-05,6830.7099609375,6870.43017578125,6770.77978515625,6851.080078125,5989300000,6867.401193239575,6880.089227811787,6876.900387038735,49.80379766950143,0,-12.925479256608924,-7.583222676033486,-5.342256580575437,6880.190454101563,6977.029438379726,6783.351469823399,87.84640066964286,11.310799765758608,False,0
2026-03-06,6740.02001953125,6773.419921875,6711.56005859375,6769.02978515625,5793120000,6844.240979838061,6866.749303213641,6871.532529489422,42.11433463910111,0,-22.394221832794756,-10.54542250738574,-11.848799325409015,6877.271459960937,6987.134669641309,6767.408250280565,90.113525390625,11.466039930916647,False,0
2026-03-09,6795.990234375,6810.43994140625,6636.0400390625,6699.7998046875,6709410000,6835.468117026596,6860.010344276628,6868.570086543758,46.41420099039779,0,-25.092687090615073,-13.45487542403161,-11.637811666583463,6870.455981445312,6982.82908832125,6758.082874569374,96.03564453125,11.686305018776872,False,0
2026-03-10,6781.47998046875,6845.080078125,6759.740234375,6796.56005859375,5944950000,6825.652092197896,6852.531262009211,6865.154788266307,42.13924303707919,0,-28.078425856749163,-16.37958551057512,-11.698840346174045,6861.288989257812,6971.1340149881,6751.443963527525,97.42421177455357,12.09724444418717,False,0
2026-03-11,6775.7998046875,6811.14990234375,6745.58984375,6790.08984375,5511090000,6816.588039923278,6845.223504169048,6861.650671263216,43.071206087143096,0,-30.55081725029504,-19.213831858519104,-11.336985391775936,6852.9884765625,6962.302080300515,6743.674872824486,98.66064453125,12.850746255866014,False,0
2026-03-12,6672.6201171875,6740.8798828125,6670.39990234375,6740.8798828125,6292170000,6790.4120539713185,6828.785086361281,6854.237708358286,32.499559918851915,0,-40.37057683497915,-23.445180853811113,-16.925395981168034,6839.545971679688,6967.567073660885,6711.52486969849,100.50851004464286,14.4870186637323,False,0
2026-03-13,6632.18994140625,6733.2998046875,6623.919921875,6673.490234375,5337120000,6761.6443971413055,6810.061739222707,6845.5299527915395,34.07698504854589,0,-50.82925632307979,-28.92199594766485,-21.90726037541494,6829.51748046875,6987.657139000839,6671.377821936661,101.38277762276786,16.029558879094527,False,0
2026-03-16,6699.3798828125,6729.7900390625,6674.3701171875,6674.3701171875,5176290000,6750.32357635425,6799.520610040782,6839.798577498244,35.56147261274225,0,-53.08424627909244,-33.75444601395037,-19.32980026514207,6822.677978515625,6991.103932079363,6654.252024951887,102.372802734375,17.855902282127992,False,0
2026-03-17,6716.08984375,6754.2998046875,6710.7998046875,6722.35009765625,5063390000,6744.099261335295,6791.574822774994,6834.947254606156,31.47828685102334,0,-52.91303928916932,-37.58616466899416,-15.326874620175161,6816.321459960937,6990.964328121887,6641.678591799988,101.83565848214286,20.259226583667903,False,0
2026-03-18,6624.7001953125,6705.18017578125,6621.66015625,6697.16015625,5275480000,6722.390340240241,6775.682001111899,6826.702271888757,28.954895935115758,1,-59.466247485364875,-41.96218123226831,-17.504066253096568,6803.490966796875,6994.927851635329,6612.054081958421,102.32920619419643,22.84989148567203,False,0
2026-03-19,6606.490234375,6636.740234375,6557.81982421875,6583.1201171875,5973390000,6701.317593719288,6759.568499517908,6818.066505711748,29.468650950798718,1,-65.37549583368946,-46.64484415255254,-18.73065168113692,6790.720971679688,6999.08085982135,6582.361083538026,102.45783342633929,24.90472470126499,False,0
2026-03-20,6506.47998046875,6594.66015625,6473.52001953125,6594.66015625,10025820000,6665.892573128281,6735.464831037036,6805.847426290454,25.339864972001294,1,-77.23825487024169,-52.76352629609037,-24.47472857415132,6770.569482421875,7006.6677078847315,6534.471256959019,104.51572963169643,26.770033761844655,True,0
2026-03-23,6581.0,6651.6201171875,6565.5498046875,6574.9599609375,6020650000,6650.45755983223,6720.753894747794,6797.029880161416,34.70234608195945,0,-79.70761432521613,-58.15234390191552,-21.555270423300605,6757.731982421875,7006.054186493206,6509.409778350544,102.654296875,27.41438576554808,True,0
2026-03-24,6556.3701171875,6595.75,6525.10986328125,6552.08984375,5278580000,6633.3507520786425,6705.098296884909,6787.592242397734,28.89704837070694,1,-82.69872575418049,-63.061620272368515,-19.63710548181197,6741.0469970703125,6996.665597658267,6485.428396482358,102.39289202008929,29.000165513157693,True,0
2026-03-25,6591.89990234375,6633.93994140625,6568.41015625,6598.35009765625,4936720000,6625.814233945025,6694.317497404799,6779.918032983852,33.834692332862886,0,-81.26546864755255,-66.70238994740532,-14.56307870014723,6723.335498046875,6967.975318999175,6478.695677094574,100.81570870535714,30.430173153577154,True,0
2026-03-26,6477.16015625,6573.22021484375,6473.7900390625,6555.85986328125,4845560000,6598.786219818656,6673.635845866246,6768.045175072721,32.76780095377171,0,-88.36947238462471,-71.0358064348492,-17.333665949775508,6701.750512695313,6953.542334158424,6449.958691232202,100.74142020089286,31.779652354295,True,0
2026-03-27,6368.85009765625,6453.89013671875,6356.080078125,6453.89013671875,5303490000,6556.979652152763,6644.608631751009,6752.3904661544275,23.796355262188314,1,-101.56834639824683,-77.14231442752873,-24.4260319707181,6676.2490234375,6954.433808646096,6398.064238228904,96.932861328125,33.309512572151505,True,0
2026-03-30,6343.72021484375,6427.31005859375,6316.91015625,6403.3701171875,5458640000,6518.2052090056695,6615.952592045556,6736.364181789303,23.490286525326,1,-112.7565335404206,-84.2651582501071,-28.4913752903135,6649.354028320313,6947.247858604656,6351.460198035969,98.72286551339286,35.21705614246553,True,0
2026-03-31,6528.52001953125,6539.0498046875,6395.8798828125,6395.8798828125,6396100000,6520.0806291012295,6607.625680377527,6728.213430328203,37.69481486665043,0,-105.49536772471129,-88.51120014502794,-16.984167579683344,6634.94853515625,6926.581963532197,6343.315106780303,107.99211774553571,36.2226457069723,True,0
2026-04-01,6575.31982421875,6609.669921875,6554.2900390625,6556.56005859375,5637260000,6530.124119122596,6604.548932171929,6722.217602637636,44.870286631303486,0,-94.87087598263588,-89.78313531254955,-5.087740670086333,6620.239526367188,6890.989697990422,6349.489354743953,106.25997488839286,35.740202425988905,True,0
2026-04-02,6582.68994140625,6601.91015625,6474.93994140625,6512.60986328125,4740740000,6539.681541355987,6602.467123527578,6716.74592964817,47.29608335369308,0,-84.87776483092239,-88.80206121622412,3.92429638530173,6607.838525390625,6860.086663168808,6355.590387612443,107.51642717633929,35.27193348131407,True,0
2026-04-06,6611.830078125,6618.1298828125,6579.72021484375,6587.66015625,3906440000,6552.799457132171,6603.358833489237,6712.631582529615,45.010207671003535,0,-73.75656695579528,-85.79296236413836,12.036395408343083,6601.429028320313,6845.930965178753,6356.927091461873,103.28853934151786,34.70688743395259,True,1
2026-04-07,6616.85009765625,6618.259765625,6534.5498046875,6601.93017578125,4555680000,6564.445028136548,6604.643715790858,6708.875445867914,44.26756891987407,0,-63.80238966132583,-81.39484782357587,17.59245816225004,6592.472021484375,6819.461413030876,6365.482629937873,105.344970703125,34.32396389442071,True,1
2026-04-08,6782.81005859375,6793.5,6740.27978515625,6754.35986328125,5904880000,6604.147760946948,6621.611938914943,6711.7748424453985,58.40858347611255,0,-42.03746880413473,-73.52337201968766,31.485903215552923,6592.538525390625,6819.761738048604,6365.315312732647,111.21784319196429,32.24959907592659,True,0
2026-04-09,6824.66015625,6835.31005859375,6761.5498046875,6783.68994140625,4912410000,6644.240923729321,6640.949864375424,6716.2017174965595,61.31810310849382,0,-21.167651581004066,-63.05222793195094,41.88457635094687,6594.98154296875,6831.366925492137,6358.596160445362,110.84926060267857,29.530401627934346,True,0
2026-04-10,6816.89013671875,6845.77001953125,6808.4599609375,6839.240234375,4393220000,6675.631689727399,6657.706080789074,6720.150282956253,67.80754229473371,0,-5.195259000348415,-51.48083414563044,46.285575145282024,6602.195043945312,6856.668997501338,6347.7210903892865,104.01639229910714,27.164278672067507,True,0
2026-04-13,6886.240234375,6887.0,6790.02001953125,6806.47021484375,4785840000,6713.924152390599,6679.471238273448,6726.663614384439,67.61544556821346,0,12.910130543972627,-38.60264120770983,51.51277175168246,6614.89755859375,6899.280775100976,6330.514342086523,100.57638113839286,25.432443788524377,True,0
2026-04-14,6967.3798828125,6969.419921875,6905.169921875,6910.2001953125,5032380000,6760.0070124673075,6706.891109181929,6736.103468048284,72.26707538894397,-1,33.42081931537541,-24.197949103092785,57.61876841846819,6628.29755859375,6951.982246451183,6304.612870736318,101.47206333705357,23.95093869480409,False,0
2026-04-15,7022.9501953125,7026.240234375,6967.1298828125,6978.169921875,5278610000,6807.814863893706,6736.9919745276975,6747.352359313548,72.85648374216339,-1,53.5425426341053,-8.649850755653167,62.19239338975847,6643.640576171875,7010.992693513069,6276.2884588306815,100.15352957589286,22.993898380049433,False,0
2026-04-16,7041.27978515625,7051.22998046875,7008.52001953125,7037.77978515625,5173650000,6850.263031395986,6765.9717660161305,6758.878925032869,83.31915374690044,-1,70.15944365330597,7.11200812613866,63.04743552716731,6664.469555664063,7072.3091192717,6256.629992056425,94.767822265625,22.76676437273815,False,0
2026-04-17,7126.06005859375,7147.52001953125,7074.5498046875,7074.5498046875,6145300000,6900.407945431943,6800.26588911876,6773.278185172512,96.00248943355301,-1,89.14194411460812,23.51799532383255,65.62394879077557,6690.448046875,7146.123097620877,6234.7729961291225,93.70783342633929,23.600598216308917,False,0
2026-04-20,7109.14013671875,7122.64990234375,7084.41015625,7117.0498046875,4661130000,6938.359252938635,6829.682484128282,6786.449242095894,96.96981500680167,-1,101.64867356731429,39.1441309725289,62.50454259478539,6720.5810546875,7203.900209313994,6237.261900061006,88.797119140625,24.605734219122187,False,0
2026-04-21,7064.009765625,7137.27001953125,7050.2001953125,7122.64013671875,5160270000,6961.204800699792,6851.999368080351,6797.3339685088,89.65824743050929,-1,106.68886021859544,52.653076821742204,54.03578339685323,6744.73154296875,7246.5981978988975,6242.864888038602,81.06427873883929,25.692821604567143,True,0
2026-04-22,7137.89990234375,7138.64013671875,7102.91015625,7102.91015625,4919460000,6993.331182816874,6879.22799039115,6810.689495325858,90.05721247048287,-1,115.31626681789203,65.18571482097218,50.13055199691985,6773.808032226562,7296.669722574929,6250.946341878195,80.59859793526786,27.135877586068908,True,0
2026-04-23,7108.39990234375,7147.77978515625,7046.5498046875,7118.7998046875,5307260000,7014.252768185397,6901.053886767589,6822.364413248128,86.28836444282662,-1,118.40820911856099,75.83021368048995,42.57799543807104,6799.633032226562,7335.523474425794,6263.74259002733,78.760009765625,28.686238998389324,True,0
2026-04-24,7165.080078125,7168.58984375,7112.81982421875,7136.47998046875,4608830000,7041.675915447143,6926.199238325437,6835.804243243299,86.79059038673344,-1,124.002785238461,85.46472799208416,38.53805724637684,6834.029028320312,7371.077352199523,6296.980704441101,80.31574358258929,30.27931909217212,True,0
2026-04-27,7173.91015625,7178.740234375,7146.72021484375,7152.72021484375,4783750000,7065.718504684026,6949.790754318253,6849.063298655326,86.85718900932044,-1,127.67725669008087,93.9072337316835,33.77002295839736,6874.28203125,7384.539127243119,6364.024935256881,76.62360491071429,32.196653479083274,True,0
2026-04-28,7138.7998046875,7152.52001953125,7115.169921875,7133.740234375,4900650000,7079.006013775566,6967.791616258181,6860.425514578156,78.48596735940986,-1,126.30027885157688,100.38584275566218,25.914436095914695,6914.0360107421875,7371.39390993471,6456.678111549665,68.20148577008929,33.903327936639144,True,0
2026-04-29,7135.9501953125,7145.6298828125,7107.85986328125,7131.60986328125,5123100000,7089.359501327735,6983.80671902526,6871.230404018719,76.56735749136122,-1,123.55481137723291,105.01963647997633,18.53517489725658,6944.40751953125,7373.7918848711615,6515.023154191338,65.63075474330357,35.76914255486493,True,0
2026-04-30,7209.009765625,7219.830078125,7126.14990234375,7161.75,5723790000,7111.114094836328,7005.254628225235,6884.476653493475,80.11023332720926,-1,125.82388592935968,109.18048636985301,16.643399559506662,6976.092016601562,7383.774144427691,6568.4098887754335,69.65719168526786,37.44357243091754,True,0
2026-05-01,7230.1201171875,7272.52001953125,7229.31982421875,7234.5400390625,4847390000,7132.7515534456315,7026.670389078784,6898.031299128535,78.51879747963135,-1,127.85177710277094,112.91474451643661,14.937032586334325,7008.463525390625,7386.346603632029,6630.580447149222,67.26649693080357,39.48026932846797,True,0
2026-05-04,7200.75,7244.5400390625,7174.1201171875,7228.3798828125,5215480000,7145.1149073646075,7043.249399642709,6909.902620731337,71.17193341814948,-1,125.64066508860287,115.45992863086987,10.180736457733005,7037.909521484375,7375.265763619103,6700.553279349646,66.35508510044643,39.51087854515514,True,0
2026-05-05,7259.22021484375,7273.259765625,7233.6201171875,7233.6201171875,5279760000,7165.86132690627,7063.818048709475,6923.601349912216,71.3228249996695,-1,127.14080056260354,117.79610301721661,9.344697545386936,7070.02802734375,7357.173425407065,6782.882629280435,67.31218610491071,39.195918466322084,True,0
2026-05-06,7365.1201171875,7369.22021484375,7294.14013671875,7294.14013671875,6579640000,7202.090197866493,7092.513483802621,6940.915811373992,75.23689135227653,-1,135.3150778239269,121.29989797855868,14.015179845368237,7099.143530273437,7381.718236906255,6816.5688236406195,72.11861746651786,38.59007258804134,True,0
2026-05-07,7337.10986328125,7385.02001953125,7321.25,7376.77978515625,6237040000,7226.639227941903,7115.8083770862995,6956.452833017414,68.04365576997898,0,137.94293772761193,124.62850592836934,13.314431799242598,7124.766015625,7395.218589871645,6854.3134413783555,69.08503069196429,35.796118065394054,True,0
2026-05-08,7398.93017578125,7401.5,7362.97021484375,7362.97021484375,5302740000,7257.964854821784,7142.77235791439,6973.80488567482,73.00901767091317,-1,143.36133793445697,128.37507232958689,14.986265604870084,7153.868017578125,7409.695560394851,6898.040474761398,70.70933314732143,32.58460371266485,True,0
2026-05-11,7412.83984375,7428.97021484375,7384.2001953125,7385.31005859375,5821910000,7286.123943717823,7168.493070851115,6991.021942854239,79.14150520089741,-1,147.0823789836586,132.11653366040125,14.965845323257355,7180.197998046875,7428.32917913385,6932.0668169599,67.68791852678571,30.867036138917975,True,0
2026-05-12,7400.9599609375,7409.56982421875,7338.5400390625,7390.6298828125,5624790000,7307.003219575945,7190.632774668866,7007.097943563386,74.51629256074841,-1,147.37388910857499,135.168004750036,12.205884358538981,7201.877001953125,7447.4688131749335,6956.285190731316,67.664306640625,29.120490022307553,True,0
2026-05-13,7444.25,7460.0400390625,7375.1298828125,7409.1201171875,5716600000,7331.957179653045,7214.786796128974,7024.241161462861,80.51570770056655,-1,149.37614216176007,138.00963223238082,11.366509929379248,7222.9419921875,7476.071061007245,6969.812923367755,66.49860491071429,28.0950737149016,True,0
2026-05-14,7501.240234375,7517.1201171875,7454.39990234375,7454.39990234375,5267050000,7362.735916875219,7242.068075961928,7042.9470074594155,80.52667985066023,-1,153.7887962457462,141.1654650350539,12.6233312106923,7245.940014648438,7512.782613408268,6979.097415888607,67.40433175223214,27.40305344657934,True,0
2026-05-15,7408.5,7454.85009765625,7397.5,7445.10986328125,5582070000,7371.056659261542,7257.918735394125,7057.282418931596,68.4858843320164,0,148.09534361216447,142.55144075047602,5.543902861688451,7260.06201171875,7530.067683544174,6990.056339893326,72.52720424107143,25.382083034094073,True,0
2026-05-18,7403.0498046875,7434.06005859375,7353.169921875,7415.06982421875,5489500000,7376.873594793534,7271.740741993494,7070.841924255357,71.84423774595676,-1,141.5121917106435,142.34359094250954,-0.8313992318660439,7274.757495117187,7542.157648769585,7007.35734146479,74.10934012276786,24.852638252601817,False,0
2026-05-19,7353.60986328125,7395.31982421875,7333.68017578125,7375.75,5441140000,7372.643825427664,7279.537801163757,7081.930863040687,66.70601753474682,0,130.7978501176649,140.03444277754062,-9.236592659875726,7289.2375,7539.394579062499,7039.080420937501,76.366455078125,24.5160541614271,False,0
2026-05-20,7432.97021484375,7435.68994140625,7357.4599609375,7369.18994140625,5384150000,7383.612259866952,7294.150411990422,7095.697112131003,67.0249544376436,0,127.24358944874803,137.47627211178212,-10.232682663034097,7303.991015625,7551.356451818491,7056.625579431508,75.53787667410714,23.524843302736308,False,0
2026-05-21,7445.72021484375,7465.9599609375,7389.47998046875,7410.77978515625,5440620000,7394.9046153172785,7308.585631309787,7109.423508315817,66.60042272806224,0,124.02593690815775,134.78620507105725,-10.760268162899507,7320.85703125,7557.852662129341,7083.861400370658,76.46428571428571,22.04897415556403,False,0
2026-05-22,7473.47021484375,7506.31982421875,7463.2900390625,7468.81982421875,4952440000,7409.189269776636,7324.288924979687,7123.6998497482855,71.05098314130325,-1,122.30525828623468,132.29001571409273,-9.984757427858057,7336.276538085937,7570.712934521909,7101.8401416499655,75.76283482142857,22.62262701318821,False,0
2026-05-26,7519.1201171875,7539.08984375,7501.10009765625,7511.7900390625,5496060000,7429.176696578612,7342.844276618526,7139.206526902765,70.46646349200489,-1,123.20494378894546,130.4730013290633,-7.268057540117837,7353.537036132812,7588.471495296751,7118.602576968874,75.27068219866071,23.454305766488766,False,0
2026-05-27,7520.35986328125,7530.72021484375,7499.72021484375,7526.009765625,5524250000,7445.755454160909,7359.750522967357,7154.153716564667,64.63750500683693,0,122.60467777388658,128.89933661802795,-6.294658844141367,7372.6150390625,7595.802863509175,7149.427214615825,69.62782505580357,22.98101264933191,False,0
2026-05-28,7563.6298828125,7568.72021484375,7508.0400390625,7519.81982421875,5494860000,7467.187168461198,7379.167604857371,7170.211605437131,70.76106248551152,-1,124.18891903211716,127.95725310084579,-3.7683340687286346,7393.9990234375,7603.229065645644,7184.768981229356,69.40712193080357,23.393146661701472,False,0
2026-05-29,7580.06005859375,7599.3798828125,7563.5498046875,7579.330078125,7858290000,7487.709512121661,7398.30021949893,7186.284093796215,68.10754187217127,0,125.32554464966597,127.43091141060984,-2.105366760943866,7412.551538085938,7618.492519653747,7206.610556518129,67.36711774553571,23.787736760368553,False,0
2026-06-01,7599.9599609375,7617.66015625,7562.60986328125,7582.2900390625,6583960000,7508.118684633631,7417.505909159747,7202.506676821363,68.48499289970056,0,126.37530855807654,127.21979084010319,-0.8444822820266467,7431.043530273438,7634.413628782854,7227.673431764021,68.10142299107143,23.448148007156135,False,0
2026-06-02,7609.77978515625,7620.89990234375,7582.990234375,7595.39990234375,5904410000,7526.602521092289,7435.8177068736995,7218.478171265868,70.71294135652685,-1,126.54094650310617,127.0840219727038,-0.5430754695976248,7451.49501953125,7639.001317566216,7263.988721496285,65.50212751116071,24.09959250152216,False,0
2026-06-03,7553.68017578125,7605.35009765625,7551.22021484375,7605.31005859375,5753860000,7531.525731035736,7447.042703912514,7231.62334791353,60.58543856881459,0,120.75347523920573,125.81791262600419,-5.06443738679846,7466.218017578125,7635.513945513512,7296.922089642738,63.619942801339285,23.07334529939732,False,0
2026-06-04,7584.31005859375,7598.18994140625,7516.5400390625,7516.5400390625,5398910000,7541.122881500829,7460.115785310727,7245.454199312754,58.46735781725156,0,117.28643313157227,124.1116167271178,-6.825183595545539,7477.177514648438,7647.293890567859,7307.061138729016,64.2470703125,20.883221297975833,False,0
2026-06-05,7383.740234375,7541.81005859375,7368.6298828125,7537.35986328125,5591290000,7512.507854750677,7452.841923316848,7250.877181079902,47.9310288549419,0,97.23362005393574,118.7360173924814,-21.502397338545663,7479.509033203125,7642.678864167681,7316.339202238569,72.24278041294643,19.306681571956496,False,0
2026-06-08,7405.72998046875,7466.81005859375,7395.1298828125,7440.56982421875,4898180000,7493.093695790326,7448.355071617029,7256.949839879464,50.21793628748373,0,82.16881895438928,111.42257770486299,-29.253758750473708,7479.8490234375,7642.33883185801,7317.359215016991,72.39847237723214,17.584643695391254,False,0
2026-06-09,7386.64990234375,7483.14990234375,7237.85009765625,7438.66015625,6006390000,7473.740278800039,7442.478388829098,7262.036116838848,52.82616177276433,0,67.90745779856934,102.71955372360426,-34.812095925034924,7478.539526367187,7643.703244251977,7313.375808482398,84.96491350446429,16.914979362395886,False,0
2026-06-10,7266.990234375,7396.56005859375,7265.93017578125,7350.5400390625,5247300000,7436.149361631849,7425.765231262041,7262.230395957913,36.718166963488216,0,46.414651951930864,91.45857336926959,-45.04392141733872,7471.841040039062,7659.576926572652,7284.105153505472,88.43275669642857,16.70601417915255,False,0
2026-06-11,7394.2998046875,7412.68017578125,7257.330078125,7287.669921875,5658920000,7428.5403512783305,7422.768523969227,7267.4095884571125,46.52281899005935,0,39.20236634827506,81.00733196507068,-41.80496561679561,7469.343530273438,7659.9322311471415,7278.754829399734,94.06633649553571,16.732979120763687,False,0
2026-06-12,7431.4599609375,7456.39990234375,7363.009765625,7410.85009765625,4950530000,7429.07118939818,7423.596279870967,7273.842936397519,47.19485849582573,0,36.069307569362536,72.01972708592905,-35.95041951656651,7465.854516601563,7656.5394604189205,7275.169572784205,96.40851702008929,15.883484163008958,False,0
2026-06-15,7554.2900390625,7577.919921875,7516.75,7516.75,5674670000,7451.83825297351,7436.043304555875,7284.840861992225,52.128960099880345,0,43.00199643837004,66.21618095641725,-23.214184518047205,7473.144018554687,7665.734184083423,7280.553853025951,102.18282645089286,14.485407818456723,False,0
2026-06-16,7511.35009765625,7564.9599609375,7508.68017578125,7548.77978515625,5286210000,7462.658588370372,7443.215380089244,7293.723577116304,49.48081795089098,0,44.5181306088798,61.87657088690976,-17.35844027802996,7478.559033203125,7668.928300026778,7288.1897663794725,103.988525390625,13.844368416608217,False,0
2026-06-17,7420.10009765625,7532.169921875,7402.60986328125,7524.5,5883740000,7454.920680967804,7441.013924619435,7298.679519098263,42.16256800951747,0,37.91945361302351,57.08514743213251,-19.165693819109002,7481.883544921875,7665.259074963014,7298.508014880736,108.90851702008929,13.723263015859331,False,0
2026-06-18,7500.580078125,7511.06982421875,7468.31982421875,7487.35986328125,9061110000,7463.22238954184,7446.686891619965,7306.597188079704,45.94373282736836,0,38.73747488029403,53.41561292176482,-14.678138041470788,7485.2640380859375,7667.330983927709,7303.197092244166,112.84706333705357,13.626235614044589,False,0
2026-06-22,7472.7900390625,7530.009765625,7460.009765625,7500.43994140625,5976740000,7464.96196218196,7449.172905662111,7313.114554784912,43.56172334721959,0,36.72005281541806,50.076500900495475,-13.356448085077417,7486.617529296875,7667.847257643947,7305.387800949802,113.91489955357143,13.60785510894031,False,0
2026-06-23,7365.4599609375,7424.169921875,7347.60009765625,7366.509765625,5640530000,7446.870689228422,7441.200244259767,7315.167315810504,38.7422530388247,0,26.15904578806021,45.29300987800843,-19.133964089948215,7481.217016601562,7670.360800572528,7292.073232630596,120.14920479910714,13.629382216568118,False,0
2026-06-24,7358.22021484375,7428.06005859375,7336.81982421875,7370.8798828125,5994860000,7430.752421158481,7433.297384315385,7316.8556647922,40.56896004161606,0,17.009114146178035,39.63623073164235,-22.627116585464314,7473.172021484375,7669.093671560424,7277.250371408327,122.48353794642857,14.182402215090818,False,0
2026-06-25,7357.490234375,7419.080078125,7323.5,7404.91015625,5565760000,7417.432023561484,7426.077655749634,7318.449177324858,38.73066918709786,0,9.588296165472457,33.626643818408375,-24.03834765293592,7465.028540039062,7666.161854955914,7263.89522512221,123.47855050223214,15.474228917321415,False,0
2026-06-26,7354.02001953125,7392.9501953125,7294.18017578125,7312.740234375,9105600000,7405.90256828326,7419.215023728835,7319.844112313344,48.16373962734778,0,3.3881703962970278,27.578949133986107,-24.19077873768908,7454.548046875,7655.892606925529,7253.203486824471,115.12782505580357,16.308662350184775,False,0
2026-06-29,7440.43017578125,7444.31982421875,7348.8798828125,7391.8798828125,5794570000,7412.180315101076,7421.235514400493,7324.57297754738,51.985864831755066,0,5.385028250688265,23.14016495732654,-17.755136706638275,7447.566552734375,7640.07600586333,7255.057099605421,116.01140485491071,17.21772461985936,False,0
2026-06-30,7499.35986328125,7508.2900390625,7438.0400390625,7441.27001953125,6037540000,7428.031142042926,7428.675928579612,7331.427365223219,56.1689297389289,0,11.589093911528835,20.829950748167,-9.240856836638166,7442.536547851562,7623.171249014616,7261.901846688509,103.50784737723214,16.500862474077834,False,0
2026-07-01,7483.22998046875,7521.81005859375,7449.6298828125,7478.83984375,5782730000,7438.067294483984,7433.871552569054,7337.380408958337,63.348140521400296,0,15.031045371171786,19.670169672767962,-4.639124301596176,7436.209057617188,7600.283600936573,7272.1345142978025,99.33286830357143,15.661868367017107,False,0
2026-07-02,7483.240234375,7540.75,7427.5498046875,7495.14013671875,5463520000,7446.2805562823505,7438.573331788668,7343.100402111932,56.513871703727006,0,17.557254998785538,19.247586737971478,-1.6903317391859396,7432.687060546875,7588.984040753554,7276.390080340196,96.32216099330357,14.58958022685167,False,0
2026-07-06,7537.43017578125,7551.31005859375,7500.97021484375,7506.9599609375,4971110000,7462.853214373059,7447.988269311772,7350.721177549945,57.572221985740875,0,23.659240716659042,20.12991753370899,3.5293231829500513,7430.34306640625,7578.246480184764,7282.439652627736,94.51356724330357,13.65536391540819,False,0
2026-07-07,7503.85009765625,7536.06005859375,7478.6298828125,7516.6298828125,5049590000,7470.307193151821,7453.308443439817,7356.726233240389,45.86882919833667,0,25.491625109959386,21.20225904895907,4.289366061000315,7436.348559570312,7586.027784871297,7286.669334269328,88.25216238839286,14.151378942627021,False,0
2026-07-08,7482.7099609375,7488.509765625,7421.81982421875,7476.5400390625,5102020000,7472.562241840125,7456.108587963406,7361.666771581452,47.56742813016074,0,24.950358385151958,21.95187891619765,2.998479468954308,7440.19755859375,7590.519298515839,7289.87581867166,90.09148297991071,14.920163262628721,False,0
2026-07-09,7543.64013671875,7546.89013671875,7481.72998046875,7491.60009765625,4442950000,7485.485495454421,7464.444925940104,7368.802981978994,61.06275174417282,0,29.10248128832245,23.38199939062261,5.720481897699841,7448.0470703125,7602.922021491315,7293.172119133686,85.49148995535714,13.952918861996062,False,0
2026-07-10,7575.39013671875,7579.93017578125,7508.16015625,7547.64013671875,4006370000,7501.831793866117,7475.0111364904515,7376.904439027612,57.339638965510964,0,34.556680357321056,25.616935583962302,8.939744773358754,7463.467065429688,7603.101055878631,7323.833074980745,84.12008231026786,12.609859888366097,False,0
2026-07-13,7515.33984375,7565.3701171875,7506.41015625,7547.52978515625,4729990000,7504.2878029359135,7478.851965753265,7382.33327842849,53.926051007756406,0,33.64576816193767,27.222702099557377,6.42306606238029,7469.519067382813,7607.006279603923,7332.031855161703,84.04722377232143,11.423207046285862,False,0
2026-07-14,7543.58984375,7557.43994140625,7513.22998046875,7536.7001953125,4836950000,7511.433628538474,7485.017477943431,7388.657065303844,69.24436294886458,0,34.80222421214239,28.738606522074384,6.063617690068007,7475.125561523438,7615.19871011135,7335.052412935525,78.262939453125,9.95759651902105,False,0
2026-07-15,7572.39990234375,7581.5,7526.9501953125,7571.72021484375,5236550000,7522.518405593978,7493.339613600604,7395.86266675639,72.10860352495736,-1,37.609911270782504,30.512867471816012,7.097043798966492,7476.0310546875,7618.473063244566,7333.589046130433,75.64219447544643,8.906435437135423,False,0
2026-07-16,7533.77001953125,7570.740234375,7504.02001953125,7558.7998046875,5365300000,7524.5641535825725,7497.190128451141,7401.270798237757,66.87596002733653,0,36.29947701805577,31.670189381063963,4.629287636991805,7477.15205078125,7621.109221443089,7333.194880119411,73.69932338169643,7.927363202820454,False,0
2026-07-17,7457.68994140625,7498.47021484375,7431.259765625,7447.52001953125,5303290000,7512.4052059141495,7493.428205875437,7403.48331365613,58.71335986131904,0,28.790048200186902,31.094161144888552,-2.30411294470165,7479.03154296875,7620.817606204033,7337.245479733467,73.96648297991071,7.154965983310326,False,0
2026-07-20,7443.27978515625,7513.22998046875,7440.52978515625,7489.18017578125,5152910000,7499.836947594531,7488.652165806943,7405.043959597311,50.27248617959061,0,21.42897272236587,29.161123460384015,-7.732150738018145,7476.166528320313,7618.434103756585,7333.898952884041,72.34221540178571,6.386192179976703,False,0
2026-07-21,7509.2001953125,7515.31005859375,7467.85986328125,7489.9501953125,5149030000,7501.539356270525,7490.609120997949,7409.128517860652,50.928541085167026,0,20.676151745399693,27.464129117387152,-6.787977371987459,7477.987036132812,7621.00255744636,7334.9715148192645,72.46937779017857,6.517411109814042,False,0
2026-07-22,7498.9599609375,7525.93994140625,7485.85009765625,7497.47021484375,4890390000,7501.070375300884,7491.40443908743,7412.65131954994,51.50097611204556,0,19.033824286291747,25.778068151168075,-6.744243864876328,7484.662036132812,7617.675882085331,7351.648190180294,70.17721121651786,6.594715930308573,False,0
2026-07-23,7408.2998046875,7450.1201171875,7376.0,7418.2900390625,5515210000,7484.202998825723,7483.489712001722,7412.480671908276,43.90372946632708,0,10.298041598542113,22.682062840642885,-12.384021242100772,7487.166015625,7611.777836662718,7362.554194587282,70.87433733258929,7.661286459826657,False,0
2026-07-24,7411.97998046875,7460.97998046875,7396.52978515625,7406.2998046875,4860620000,7471.071540942637,7476.679261379535,7412.461036949863,38.88112783920259,0,3.629986089566046,18.87164749042752,-15.241661400861474,7489.8905029296875,7604.549887051664,7375.231118807711,70.61579241071429,8.632882781447352,False,0
2026-07-27,7413.18017578125,7480.56982421875,7382.740234375,7464.2001953125,5038290000,7460.545838186021,7470.631729417793,7412.489238472663,41.47441571750221,0,-1.5398992112213818,14.789338150097741,-16.329237361319123,7492.8485107421875,7595.133837232422,7390.563184251953,73.40359933035714,8.300004276579939,False,0
2026-07-28,7428.77978515625,7452.08984375,7382.9501953125,7395.5498046875,5590890000,7454.770192180607,7466.645829964314,7413.128083440646,44.87561718170776,0,-4.328417155299576,10.965787089018278,-15.294204244317854,7492.2659912109375,7595.931649383138,7388.600333038737,72.48284040178571,7.213085621098094,False,0
2026-07-29,7316.14990234375,7450.83984375,7313.919921875,7418.16015625,5836350000,7429.56650311936,7452.312884476642,7409.325017515278,30.31788786730226,0,-15.44854674148337,5.682920322917948,-21.131467064401317,7483.105493164063,7613.1536304039255,7353.0573559242,77.60853794642857,8.068340965669854,False,0
2026-07-30,7437.6298828125,7448.75,7370.97998046875,7390.4501953125,5594430000,7431.032572154476,7450.9145033657705,7410.435012232816,39.6830609165753,0,-14.294136473989965,1.6875089635363651,-15.98164543752633,7480.82548828125,7612.453758874772,7349.197217687728,81.95354352678571,9.383546806202778,False,0
2026-07-31,7489.72021484375,7512.0400390625,7399.830078125,7462.1298828125,5391020000,7441.703052643435,7454.610285411292,7413.544235864618,48.05818092458552,0,-9.071433720907407,-0.46427957335238945,-8.607154147555018,7481.149487304688,7612.834672777607,7349.464301831768,85.04139927455357,10.033982980257775,False,0
2026-08-03,7600.5,7610.0400390625,7504.77978515625,7504.77978515625,5201470000,7470.575224890083,7468.504543943551,7420.875834458162,53.8338263002221,0,3.9609394311046344,0.4207642275390154,3.540175203565619,7484.302978515625,7624.414086453361,7344.191870577889,90.47781808035714,9.733972418235131,False,0
2026-08-04,7736.52001953125,7758.2099609375,7629.10009765625,7630.6201171875,5906940000,7518.928823915749,7494.029827332855,7433.2540377943615,59.660706340602,0,24.976949134677852,5.332001208966783,19.64494792571107,7495.936474609375,7675.861847139518,7316.011102079232,97.84640066964286,9.53557740225116,False,0
2026-08-05,7723.5498046875,7793.68017578125,7720.169921875,7771.6201171875,5615640000,7556.132638601521,7515.888872795203,7444.6381855156615,61.51910153918378,0,40.12318519256587,12.290238005686602,27.832947186879267,7507.978466796875,7714.455232064971,7301.501701528779,98.21285574776786,9.738193645787534,False,0
2026-08-06,7709.9599609375,7742.85009765625,7698.14990234375,7713.7900390625,5330830000,7584.101242662608,7534.37183357066,7455.0429610224,66.56900242001228,0,50.44855997931518,19.921902400412318,30.52665757890286,7516.294458007813,7741.377724194136,7291.21119182149,94.08356584821429,10.576771239028878,False,0
2026-08-07,7757.64013671875,7763.080078125,7719.18994140625,7735.18017578125,5019970000,7615.653768854632,7555.635481489526,7466.909516932061,69.7825125059918,0,61.76687550157658,28.290897020645172,33.4759784809314,7525.406958007812,7774.084067898222,7276.729848117402,92.68498883928571,11.753338689806581,False,0
2026-08-10,7753.10986328125,7773.759765625,7743.10986328125,7751.740234375,4879540000,7640.645786023108,7574.442565469691,7478.133059926146,66.63434328365167,0,69.56921627184875,36.54656087088589,33.022655400962854,7537.295458984375,7805.883182904359,7268.70773506439,89.729248046875,12.82419097103122,False,0
2026-08-11,7728.2001953125,7767.509765625,7717.25,7767.509765625,4739500000,7656.564769530269,7589.086149264243,7487.939614255024,65.32722704526697,0,72.90225371803717,43.81769944031615,29.084554277721026,7546.5259765625,7828.385566773165,7264.666386351834,90.45567103794643,13.611615291973466,False,0
2026-08-12,7748.5,7766.009765625,7737.9501953125,7765.4599609375,4574170000,7673.280265979311,7604.268420762886,7498.157668597964,75.10850935321074,-1,76.30217056726815,50.31459366570655,25.987576901561596,7555.330981445312,7851.245769929984,7259.416192960641,84.37350027901786,14.420848809692016,False,0
2026-08-13,7798.990234375,7816.7001953125,7763.18017578125,7763.18017578125,4833230000,7696.136623869435,7622.813355392611,7509.9550241186325,76.71726313873411,-1,82.12409368342014,56.67649366924927,25.447600014170874,7568.5919921875,7883.593842825392,7253.590141549608,84.641357421875,15.541787451469261,False,0
2026-08-14,7785.759765625,7810.009765625,7776.31005859375,7806.60009765625,4159900000,7712.431740552265,7638.332061129029,7520.7708963345685,75.3007905471228,-1,84.6941203421311,62.280019003825636,22.414101338305464,7584.9954833984375,7909.699518523001,7260.291448273874,80.06065150669643,17.05226239090231,False,0
2026-08-17,7745.06005859375,7790.68017578125,7744.8798828125,7790.68017578125,4452630000,7718.3641620143535,7648.496632316146,7529.566549756498,70.7696421837845,-1,82.49579855552838,66.32317491416619,16.172623641362193,7600.084497070313,7925.107293665682,7275.061700474944,78.3935546875,18.8399664321515,False,0
2026-08-18,7691.759765625,7713.9501953125,7688.6298828125,7700.0400390625,4602700000,7713.5269990344705,7652.616930726514,7535.9270680258505,76.75014135777182,-1,75.5814683883982,68.1748336090126,7.406634779385612,7609.212475585938,7933.741976533365,7284.68297463851,72.644287109375,20.081769535505668,False,0
2026-08-19,7707.97998046875,7743.93017578125,7700.06982421875,7716.740234375,5184100000,7712.518450204339,7657.889602130535,7542.674241062828,72.64955586699818,-1,70.59685114084914,68.65923711537991,1.9376140254692302,7619.6634765625,7942.702359764169,7296.624593360832,66.89930943080357,21.450048790074817,False,0
2026-08-20,7641.16015625,7699.9599609375,7639.009765625,7690.490234375,4759610000,7699.544214939913,7656.296321570484,7546.536433815266,62.381840175338446,0,60.55664536944187,67.0387187661923,-6.482073396750437,7631.306494140625,7938.675080888976,7323.937907392274,63.810756138392854,22.37641224603148,False,-1
2026-08-21,7674.3701171875,7697.10986328125,7660.06005859375,7665.68017578125,4497270000,7694.967106257655,7658.017635438771,7551.549519437706,56.91705713021182,0,54.64951071882933,64.56087715671971,-9.91136643789038,7644.426000976562,7934.277616519691,7354.574385433433,59.212890625,23.176193713788365,False,0
2026-08-24,7652.85986328125,7670.2998046875,7638.169921875,7663.3798828125,4400800000,7687.311243898308,7657.526419042817,7555.522474098238,40.02765826674862,0,47.68270963287796,61.18524365195137,-13.502534019073408,7656.409985351563,7925.048065553659,7387.771905149466,50.533621651785715,23.451114576356286,False,0
2026-08-25,7677.27978515625,7686.10986328125,7650.919921875,7676.66015625,4260240000,7685.487342308843,7659.4076920060015,7560.297270610316,44.63113523436128,0,43.62902494721402,57.673999911003904,-14.044974963789883,7668.834985351563,7915.20779406252,7422.462176640605,47.796456473214285,23.678018153217668,False,0
2026-08-26,7675.7001953125,7690.72998046875,7657.41015625,7666.8798828125,4100600000,7683.70786103678,7660.959358987573,7564.8228755005985,45.91075033686596,0,39.82985712963182,54.105171354729485,-14.275314225097667,7686.8125,7868.916840718505,7504.708159281495,46.983572823660715,23.25029098076572,False,0
2026-08-27,7730.990234375,7741.27001953125,7689.89013671875,7710.33984375,4362240000,7692.304656189183,7667.628966167328,7571.339242515281,46.8758192681567,0,40.810001048139384,51.44613729341147,-10.636136245272084,7701.480517578125,7841.46257472014,7561.49846043611,47.872837611607146,22.358174034134187,False,0
2026-08-28,7711.759765625,7771.47998046875,7700.91015625,7735.169921875,4297560000,7695.841948813877,7671.831899449011,7576.845929696055,45.31401650510901,0,39.57879434841561,49.0726687044123,-9.493874355996688,7712.582495117187,7810.856330098103,7614.308660136271,50.72426060267857,21.128966273331837,False,0
2026-08-31,7686.14013671875,7697.52001953125,7665.06005859375,7697.52001953125,5386090000,7694.077982978399,7673.194588712796,7581.131977030279,45.24121791762472,0,36.11940224245336,46.482015412020516,-10.362613169567155,7716.864501953125,7801.025122202907,7632.703881703343,50.469970703125,20.275109225895648,False,0
2026-09-01,7631.47021484375,7663.6298828125,7611.2001953125,7635.47021484375,4858180000,7682.694752408462,7669.220838820505,7583.106025571984,37.714453843023115,0,28.636301813367027,42.91287269228982,-14.27657087892279,7711.61201171875,7803.376434741534,7619.847588695967,53.122140066964285,19.254597532528926,False,0
2026-09-02,7666.60009765625,7681.18994140625,7633.6201171875,7634.580078125,4738910000,7679.768451544423,7668.971244423909,7586.380302908622,35.6388078200395,0,25.249518034159337,39.380201760663724,-14.130683726504387,7708.7645263671875,7802.48276857323,7615.046284161145,51.80210658482143,18.346083554801073,False,0
2026-09-03,7747.7099609375,7756.759765625,7686.7099609375,7686.7099609375,4726400000,7692.121453252255,7676.470169806156,7592.706956164657,46.40231504650961,0,28.77861364799446,37.25988413812987,-8.481270490135408,7710.652026367187,7805.978426383643,7615.325626350732,55.8349609375,16.51279108408244,False,0
2026-09-04,7718.60009765625,7750.18994140625,7706.1201171875,7750.18994140625,2531375000,7696.935752234799,7680.482543887118,7597.643942105504,47.44209669714689,0,28.8934588540842,35.586599081320735,-6.693140227236533,7708.700024414063,7801.54161576958,7615.858433058545,55.711356026785715,14.50627738111026,False,0
